<?xml version="1.0" encoding="UTF-8"?>
<project-private xmlns="http://www.netbeans.org/ns/project-private/1">
    <editor-bookmarks xmlns="http://www.netbeans.org/ns/editor-bookmarks/2" lastBookmarkId="0"/>
    <open-files xmlns="http://www.netbeans.org/ns/projectui-open-files/2">
        <group>
            <file>file:/C:/xampp/htdocs/Auto%20Parts/database/productonhands.txt</file>
            <file>file:/C:/xampp/htdocs/Auto%20Parts/adminreceiveconfirm.php</file>
            <file>file:/C:/xampp/htdocs/Auto%20Parts/partscatalog.php</file>
            <file>file:/C:/xampp/htdocs/Auto%20Parts/adminorders.php</file>
            <file>file:/C:/xampp/htdocs/Auto%20Parts/adminlogin.php</file>
            <file>file:/C:/xampp/htdocs/Auto%20Parts/adminshiprateconfirm.php</file>
            <file>file:/C:/xampp/htdocs/Auto%20Parts/adminmenu.php</file>
            <file>file:/C:/xampp/htdocs/Auto%20Parts/autoparts.css</file>
            <file>file:/C:/xampp/htdocs/Auto%20Parts/adminwareconfirm.php</file>
            <file>file:/C:/xampp/htdocs/Auto%20Parts/orderconfirm.php</file>
            <file>file:/C:/xampp/htdocs/Auto%20Parts/adminreceiving.php</file>
            <file>file:/C:/xampp/htdocs/Auto%20Parts/database/orders.txt</file>
            <file>file:/C:/xampp/htdocs/Auto%20Parts/index.php</file>
            <file>file:/C:/xampp/htdocs/Auto%20Parts/adminwarehouse.php</file>
            <file>file:/C:/xampp/htdocs/Auto%20Parts/adminwaresubmit.php</file>
            <file>file:/C:/xampp/htdocs/Auto%20Parts/processorder.php</file>
            <file>file:/C:/xampp/htdocs/Auto%20Parts/database/shippingrates.txt</file>
            <file>file:/C:/xampp/htdocs/Auto%20Parts/adminshiprates.php</file>
        </group>
    </open-files>
</project-private>
